visit_id,visit_name,visit_lat,visit_lon,demand
0,Depot,45.7374107,4.8381698,0
1,V1,45.75985,4.893707,24
2,V2,45.728003,4.87379,23
3,V3,45.747008,4.881427,14
4,V4,45.73324,4.873628,8
5,V5,45.748671,4.896613,10
6,V6,45.764335,4.883338,14
7,V7,45.76258,4.88371,22
8,V8,45.769297,4.849968,6
9,V9,45.729253,4.878808,20
10,V10,45.760342,4.837405,11
